tqb_solici,tqb_codbem,tqb_usuari,tqb_dtaber,tqb_dtfech,tqb_ccusto,tqb_cdserv,tqb_cdexec
374,TI0098,Josiane da Silva S. dos Passos,2016-06-01,2016-06-01,A0102010105,TI0006,153
375,TI0163,Paola Jurema de Carvalho Macha,2016-06-01,2016-06-01,A0102020201020101,TI0009,153
376,TI0223,Guilherme Balbueno,2016-06-01,2016-06-01,A0102020101030101,TI0004,461
377,TI0098,Josiane da Silva S. dos Passos,2016-06-06,2016-06-06,A0102010105,TI0004,153
378,TI0098,Josiane da Silva S. dos Passos,2016-06-06,2016-06-08,A0102010105,TI0004,153
379,TI0098,Josiane da Silva S. dos Passos,2016-06-06,2016-06-07,A0102010105,TI0004,153
383,TI0117,Guilherme Balbueno,2016-06-09,2016-06-09,A0102010111,TI0001,461
385,TI0056,Wesley Fagundes dos Santos,2016-06-09,2016-06-09,A0102010102,TI0004,461
386,TI0126,Cristian Costa dos Santos,2016-06-10,2016-06-10,A0102020101070101,TI0009,461
387,TI0065,Guilherme Balbueno,2016-06-14,2016-06-14,A0102010106,TI0004,461
388,TI0065,Guilherme Balbueno,2016-06-14,2016-06-14,A0102010106,TI0004,461